,A,B,C,D
2000-01-01,0.967211066745463,-1.6913818622118568,-1.150917635886776,0.06134062177588236
2000-01-02,2.088837962963254,-1.1505697779024335,-1.8080606723404893,0.47889131798243456
2000-01-03,2.3536118711041776,-1.2496275649495445,-1.7157608185174666,2.1038175334573777
2000-01-04,1.819069048777137,0.6500769038256142,-1.7792495782499227,3.4452527934759614
2000-01-05,1.865619970274576,0.19231954882406255,-2.7161685654902046,3.0729743668673404
2000-01-06,1.9608096652313602,-1.413549066615047,-2.3485480537735217,3.1611728536025883
2000-01-07,0.6817404219125225,-2.589241546567621,-1.4661669257070697,2.450216585132887
2000-01-08,0.32738032780059517,-3.9129505326501643,-1.9744863964423,2.6333819730244605
2000-01-09,-0.7503838969719638,-4.88248940093303,-1.9326564727441995,3.7578552282678848
2000-01-10,-1.055622208953156,-5.175237188517182,-0.928841552339905,3.0808005313763083
2000-01-11,-1.6649173458007238,-5.220735598204796,0.6172991244828354,4.257960198839395
2000-01-12,-0.7905594947683032,-5.156446101651118,1.037776197116559,4.190702186362602
2000-01-13,-1.091376769586636,-6.516134400792752,-0.4207155471428805,4.128771546029605
2000-01-14,0.13880104410321192,-6.749031429200373,-1.0853627722799315,5.996027589923451
2000-01-15,-0.9335990445865905,-7.38948067356167,-2.1780157417931765,5.60060436448683
2000-01-16,-0.8106854970821958,-7.992277928981018,-2.5169039097036427,4.890945995004315
2000-01-17,0.6148426537004915,-8.768369423261081,-3.193179257215159,5.724805389350126
2000-01-18,1.1969692573184894,-8.930453388322348,-3.224704384689618,4.833217867408704
2000-01-19,1.8094389360250247,-8.70653925527803,-4.691678359228082,4.833028039468987
2000-01-20,2.6300348427725835,-8.280905247030741,-3.493011282992607,6.090262189477805
2000-01-21,3.7857761319330727,-11.19873260981876,-2.114373850521822,5.701657308584705
2000-01-22,2.2708227979138433,-10.552051280315643,-2.6597320422663686,4.656229390815905
2000-01-23,1.748938727664863,-8.273088859007505,-3.2237535006466547,5.284301042043908
2000-01-24,0.856672391523769,-9.404163610412494,-5.202221013374811,5.1448540153022755
2000-01-25,1.1173161902309512,-9.690252299192352,-4.60677735752755,6.443838247993365
2000-01-26,1.0512191602006098,-9.369959696078912,-5.187211795927317,5.818464070826347
2000-01-27,-0.5744289099457498,-10.252614836921577,-8.170503389206756,5.675685500624368
2000-01-28,1.3547434787070158,-10.660099230331832,-7.388863210186242,5.818872362937926
2000-01-29,0.21632414767696817,-9.854630858647965,-7.656718817126059,7.492779230684051
2000-01-30,0.9584365014930107,-10.766956063126635,-7.93305801974951,8.573977207395936
2000-01-31,0.911061624525863,-10.735245624722538,-6.381170424639553,8.211338687569748
2000-02-01,0.891687751311759,-10.047780620227556,-6.143806595069197,8.577998504600737
2000-02-02,1.9516029276011002,-9.596937331055537,-5.8088468751501035,9.137316817497506
2000-02-03,2.2109927201626185,-9.726781647379035,-5.67848997733738,7.935271504984616
2000-02-04,3.8598392789438587,-10.188060039504093,-7.579900293787683,8.360994856004472
2000-02-05,3.3146872201441613,-9.416334703911437,-9.13437923520136,9.513602046320242
2000-02-06,4.124708339062148,-8.7304778844974,-8.937582178756504,9.652308143028725
2000-02-07,5.662689376272272,-9.908554047206449,-8.708892218953372,9.087524656900769
2000-02-08,6.920282591516818,-9.19262434345617,-8.62514716491728,8.49965693655067
2000-02-09,5.347924617795298,-9.026992881939838,-9.13720023791599,8.947065024162198
2000-02-10,5.304452319146575,-8.322589199689263,-8.191246321972272,9.356800809487808
2000-02-11,6.458648920755993,-8.475032612446002,-7.9387717861302605,10.452678219455242
2000-02-12,4.152450738107996,-7.398895856723526,-7.169230170141609,9.415258665925139
2000-02-13,3.680464307680263,-7.3826260841086135,-6.862615078312013,10.854620792625372
2000-02-14,2.568236737188762,-6.46327573161265,-6.633193674605036,9.861123747170772
2000-02-15,2.3420155544014336,-6.138464104680642,-7.820629879099206,9.993119695684909
2000-02-16,2.280323018684869,-5.755662315125349,-7.743834336362984,9.900949961794204
2000-02-17,1.2854068188625147,-9.131823027736047,-7.495140310321828,9.854814556375814
2000-02-18,1.7905827942382102,-8.330669063965347,-7.447875128658229,7.771466732111742
2000-02-19,1.3464523391616978,-8.538999243720708,-6.994012461080749,8.332375370858891
2000-02-20,0.6810132429426187,-6.917236677734875,-8.474880844258132,9.020427793335255
2000-02-21,-0.1911178523537329,-7.368218271347485,-8.430281744379577,10.489789775029811
2000-02-22,-0.1319898887871381,-7.53301806096786,-7.396252949192425,12.760038232063675
2000-02-23,-1.9839537448578801,-10.837364671985597,-5.191246945071391,13.91500733257093
2000-02-24,-1.9886901506850023,-10.206099128534047,-4.987944393093605,14.031859595044107
2000-02-25,-3.437422485429277,-10.339161735000186,-4.0558569447439545,15.067055459983468
2000-02-26,-1.8545447716476426,-10.475285171879758,-4.523101856287894,15.41247222642287
2000-02-27,-1.7230898149412095,-11.499883831780508,-4.436020108328567,16.021881963772138
2000-02-28,0.15035750554023886,-11.869026719439814,-5.532717010575304,15.67760058966385
2000-02-29,1.9330268637968622,-11.54856405306612,-4.327636033915419,16.730313814211787
2000-03-01,1.8212969730582595,-11.139710964146406,-3.3776233337895896,16.69110412532491
2000-03-02,0.6380069322439923,-10.87165228430374,-5.457857038269793,17.916248536500518
2000-03-03,2.654865393350441,-9.333096299724025,-6.145674075137869,18.325551683224287
2000-03-04,1.0344345229097704,-8.948337138381067,-5.6998769215286895,18.164180288090073
2000-03-05,0.4236550804970428,-7.700047040774674,-6.513018630713787,17.707697244070967
2000-03-06,1.7660985365080517,-8.188047648296047,-4.810601917933136,17.9178519096218
2000-03-07,0.6107272373893984,-7.251306832900438,-5.05399497634982,19.857866784081402
2000-03-08,1.1375175058825662,-7.202016202862259,-6.833071634967298,19.865971135339866
2000-03-09,0.5984095593515931,-5.95789583506174,-7.51296075748359,20.14108622999545
2000-03-10,0.1657514993227439,-5.717907613893167,-7.123903610786328,20.28759554274038
2000-03-11,0.3889896017177248,-7.38835138667303,-6.5017512822710986,18.770788712700856
2000-03-12,-1.1836958404778257,-5.6694821723427395,-6.228616029089981,17.241978834822724
2000-03-13,-1.17889423881414,-5.181430144502004,-6.399495801156814,18.679960105593135
2000-03-14,-0.9842847000145574,-6.450513420961984,-6.690808087043604,17.53702202058415
2000-03-15,-0.5530494487286439,-6.755694038469623,-7.582604073125053,14.963999393745938
2000-03-16,-0.21523657143267638,-7.089755311503516,-8.215536660018623,14.843711778353569
2000-03-17,0.016638894273529936,-5.99071599730357,-9.002144747510892,14.594897229446481
2000-03-18,1.6394596847268796,-5.264970884522072,-7.581527500234223,14.455619798580967
2000-03-19,2.073712569524871,-5.244004578252097,-8.289913362167187,14.812107089586727
2000-03-20,4.874312015930159,-4.279866740791835,-8.834147111900332,14.31761570631096
2000-03-21,4.910226177202551,-4.029769651904936,-8.013921025889948,13.84968083829109
2000-03-22,5.858922248339965,-3.279508265553712,-9.061561544823334,12.698786521792517
2000-03-23,6.044604028389126,-2.739104833478897,-7.400469086301428,12.964972385679454
2000-03-24,6.371410337820105,-4.81633625695396,-8.246040752595434,10.952339298498813
2000-03-25,6.020796723289787,-5.1936489859602455,-8.43483925901081,10.438287999541512
2000-03-26,6.396093406352853,-6.4092794851385975,-7.53771397918311,11.462439648913302
2000-03-27,6.343722976215332,-5.8948721615071324,-8.418904492293063,12.394476973446228
2000-03-28,5.861223005271132,-6.236337775498425,-8.043251090820288,12.436923394174386
2000-03-29,4.963016486354124,-4.258006719464502,-9.389992334702816,10.702951097243554
2000-03-30,4.1490372716016575,-3.937383154449906,-9.840205073698804,11.514191756867172
2000-03-31,5.339246409115194,-4.347484552775814,-10.386925693355089,13.109259780635623
2000-04-01,7.362500201832331,-4.658237087867933,-10.383159730056207,12.5061272361769
2000-04-02,8.502447883615813,-6.777369721523387,-9.526915362545624,13.356809848828796
2000-04-03,8.475931967456583,-6.573791805854867,-8.708809925263033,13.64060985347464
2000-04-04,9.471140017446887,-4.054587211318845,-7.196475055891914,12.977659851086814
2000-04-05,7.335536273946204,-5.199788757650634,-6.724697143162349,15.02422764997154
2000-04-06,5.7793203809148626,-6.564222223331509,-8.500285597398799,15.164115146638915
2000-04-07,7.556086508632973,-4.484036330902157,-8.14079469023712,14.452561611647061
2000-04-08,8.093512644276766,-3.1441135505900917,-10.508621009240006,16.345060395179512
2000-04-09,7.146909102751023,-2.2009868559137065,-10.380508744206951,16.40031965181645
2000-04-10,7.616003210499905,-2.924608697714997,-12.070529019772978,15.912289148984378
2000-04-11,6.677867501048882,-1.5049817658222233,-12.6753852004425,14.715625939161873
2000-04-12,6.401544163804684,-1.864114866269004,-11.645569682927121,13.421402304027986
2000-04-13,7.409700227512531,-3.004005002040465,-12.318386555722048,14.101169115240085
2000-04-14,9.52374972372856,-2.191580006028169,-13.328747652058404,13.167539897738301
2000-04-15,8.097611766484631,-1.677422991028732,-13.478440052925876,13.171951853258003
2000-04-16,9.076846594714883,-2.5176766861117175,-12.184743881766543,13.241988090666684
2000-04-17,10.91454873426818,-3.478019934779362,-11.913569901545353,15.579284219069464
2000-04-18,10.85084093855926,-2.9471312266861314,-13.176453957584954,15.472810982615751
2000-04-19,10.638118162458388,-3.3468900731056115,-14.347481959524476,15.031625819215853
2000-04-20,10.774856004524262,-1.8365422932002533,-14.725138339516791,14.399419834910614
2000-04-21,11.059438339702146,-1.8431935508025574,-14.365753616516484,14.86061957722876
2000-04-22,12.5089881714202,-2.5042006650295185,-15.12932655467113,14.252995324193213
2000-04-23,13.201755357201886,-4.345080573381136,-14.05081800090816,14.385372697761401
2000-04-24,13.712112155096088,-4.227048616817238,-15.516543300241413,15.380811733427993
2000-04-25,11.553056364101039,-5.159133343403972,-15.474045837717462,15.327807035419438
2000-04-26,11.614210220473565,-4.268854901906213,-14.58141208004648,15.567935807529715
2000-04-27,13.037673068464086,-5.341588561937214,-13.289006099804448,15.281636502183488
2000-04-28,13.583235439924383,-5.5346152793061485,-11.107879450721846,14.498935745917313
2000-04-29,13.183757540268548,-3.475666621414445,-10.48139392130544,14.402930954218002
2000-04-30,11.237378855940609,-2.613955119355704,-10.875567046144223,13.851327945591425
2000-05-01,13.068407581558438,-1.1969092791354594,-11.170878169486883,13.223722816604612
2000-05-02,11.935249042568863,-1.6644098847570887,-10.323814325595396,12.714991394095978
2000-05-03,11.471893972339311,-1.8267205223574159,-9.717631538495244,13.533359142415641
2000-05-04,10.56060513267786,-1.7135871320471368,-10.187149840624741,13.221934427080685
2000-05-05,12.67994144307731,-2.018647732146497,-11.185289591426601,13.059822202641927
2000-05-06,11.781232051290313,-1.7628726020742707,-11.376328526236005,11.322896313717406
2000-05-07,9.993779083614994,-3.089408092442744,-10.288467958354062,14.547853292155002
2000-05-08,11.161693519355437,-4.282990886336832,-10.885715917246857,13.445670711821826
2000-05-09,12.654913122681734,-4.082976787928133,-9.839492293146499,13.488969853663987
2000-05-10,12.874710015132996,-3.7092911737450143,-10.166947126647013,13.38470752277836
2000-05-11,12.781431358393123,-3.892228140461525,-11.225791515945346,13.071229342587202
2000-05-12,14.367859961647852,-2.534815035377431,-12.405696628403788,12.586590348133557
2000-05-13,13.07932335625742,-3.1831850967437028,-12.297813127202428,11.354277869128994
2000-05-14,12.490295202908353,-3.3088808868140287,-12.676108703298361,12.03236808871595
2000-05-15,12.516387901861801,-3.2384175603931524,-12.564129925183678,11.768845025905833
2000-05-16,13.068820258557569,-2.8383989709021433,-11.87816134291079,11.585583622614498
2000-05-17,11.534302250961083,-1.9352195363826232,-12.795988128465355,11.455915636416464
2000-05-18,11.806400254669667,-1.716356041351554,-12.224315019101796,11.436788442243046
2000-05-19,11.922951505566896,-2.662962749987022,-11.166382760707199,12.41819914862742
2000-05-20,13.926390909339247,-1.4143336308066796,-11.423889414975086,12.100088269855274
2000-05-21,14.843640399320986,-2.827233768212247,-12.05989782477617,12.750204985329766
2000-05-22,16.601015006931405,-2.4252804010010407,-14.382456423244866,12.411127765532482
2000-05-23,16.408496765378352,-2.324453980663276,-14.090743062870814,13.10352776280094
2000-05-24,15.679084482718928,-2.414304709993891,-14.472992969159858,13.61411878247221
2000-05-25,16.490134434049867,-1.757717127751114,-14.151754804771464,12.461554787482616
2000-05-26,15.647962931312598,-1.1627996581508129,-13.909210653588486,11.607010497489167
2000-05-27,17.230945378557898,0.9474357692159681,-14.603399850310101,10.744732528515142
2000-05-28,17.302095755438273,0.40190665428250194,-13.957093569039708,9.595516657505026
2000-05-29,17.654216063297074,-0.008294519154855351,-14.075494530017098,10.026285619137838
2000-05-30,17.566610065334675,-0.7190370027527273,-13.677040798418398,9.887021419310118
2000-05-31,15.36959639021508,-0.7812911416283352,-13.366782889664124,8.938259000882182
2000-06-01,14.497438065174386,0.24405384035465438,-14.651078040669852,9.878791907171115
2000-06-02,12.89366487795572,-0.1421916270623882,-14.298451655688558,7.4325764088021575
2000-06-03,12.120379100046812,-0.08771547405371265,-15.327728156786517,6.879460889107542
2000-06-04,12.042898512466875,-0.2816691454804463,-16.082271008877647,7.495280815821052
2000-06-05,11.763762816700648,-0.809962167795061,-17.23855395359178,9.062126514181774
2000-06-06,10.030901108645798,0.8487722480902631,-16.65418188956851,9.95877854129493
2000-06-07,11.208597144322226,-1.4883616506491626,-18.045741680074755,9.584880338086913
2000-06-08,10.013942455348824,-1.3973833905104682,-17.791143563373222,7.981160709073331
2000-06-09,8.5878183349804,-2.1265387497761683,-17.221446339067995,8.329688453045119
2000-06-10,7.78198325305334,-2.7048754119398435,-18.153963920534512,8.083217632573799
2000-06-11,8.602744944374033,-2.869730228271009,-17.45484666722698,9.592317687084902
2000-06-12,9.1568527209842,-1.2012145190826187,-17.947955035279186,9.23987287431246
2000-06-13,8.44898662848764,-0.8391677132426971,-17.203368747631508,8.466539858735599
2000-06-14,8.386186636386533,0.7574741352468786,-17.607800152707906,8.792134211230879
2000-06-15,7.711250092426936,0.9387734697642923,-18.156626493749016,8.909816531048373
2000-06-16,7.759893191274514,1.5566945404214678,-17.7865810633333,8.847225263646674
2000-06-17,7.963447968438466,0.9856342315566841,-18.05910651319096,6.865770072034565
2000-06-18,6.5615514871606155,0.9297180197330583,-17.268518167711377,6.0824709532298264
2000-06-19,7.02254867230464,-0.9425335286605725,-17.617565333700234,5.93528946268325
2000-06-20,6.616649894450241,0.6555855335507348,-18.174969788279206,6.919932854980225
2000-06-21,6.877699203047323,1.9743025546875874,-19.31325845291675,6.567925798312197
2000-06-22,4.8476604758519795,1.1259040560915854,-17.930878527990227,7.811152951212662
2000-06-23,5.485625734669616,-0.2739899706358577,-17.22581230517603,7.64830682973828
2000-06-24,4.192453249568111,-0.8623367511912584,-18.51556418973209,8.521267637565016
2000-06-25,4.073106116326655,-1.2745744643758754,-19.5461242708154,9.72103553821726
2000-06-26,3.427775066980957,0.5962098788077099,-19.966331292754006,9.495513719525858
2000-06-27,2.629726313612955,-0.46360187721868873,-18.83412750074143,10.870044223194073
2000-06-28,0.24838482954131802,-1.6843777249904095,-20.383172540536663,11.109543317381416
2000-06-29,1.3351751319130225,-0.5069982896772023,-20.045268877484453,11.611963780127143
2000-06-30,3.306523016232731,-0.15791470239599115,-19.278075369368768,11.396816930157643
2000-07-01,3.763021516658878,0.21704590745696278,-18.803860224823925,12.332869525900785
2000-07-02,4.5072554314006945,1.5922002301478193,-18.068567672195286,11.092744830231322
2000-07-03,4.423315496744933,1.7558532059308887,-17.124476557185684,11.814890863322328
2000-07-04,3.7201666937655937,2.853797806098018,-17.233855449466695,11.869068669373396
2000-07-05,4.806950205538484,2.6196287767755844,-16.934387714829626,11.182181153844953
2000-07-06,4.357477348269357,4.371548687848719,-17.375407747725458,9.691886241803905
2000-07-07,4.308730777923774,3.7023123868265806,-16.937483359714616,10.686124776980927
2000-07-08,4.177604955495092,4.074198954745144,-15.649383734776906,11.205195398611666
2000-07-09,4.817636553927584,2.7510763069675344,-18.144142627445433,10.809301175078007
2000-07-10,6.251235259782286,2.809334822540909,-15.750221735035668,8.712273821154087
2000-07-11,5.510765984513949,2.012641004820003,-14.104171953611543,8.757680338153383
2000-07-12,5.318014754069301,3.4676963458201273,-13.242489721555453,8.98909472511393
2000-07-13,4.880546653723604,5.004445552307572,-13.531595907493164,9.049671171032404
2000-07-14,5.120744737986829,4.258856124566009,-15.743822781256887,8.695601171973752
2000-07-15,2.791137910487461,3.673651655730213,-15.35981118054376,9.183453171655765
2000-07-16,2.209415768167119,3.999410328807513,-15.438528223593249,9.212462748126944
2000-07-17,3.2849047862041663,3.62448547836135,-15.079149206356492,9.336276619820751
2000-07-18,3.8194779401985417,3.847671720121528,-15.034745460732974,9.544226377134104
2000-07-19,3.1738305475027593,3.5311716234119257,-15.869699315082412,9.470491945024083
2000-07-20,2.235637666815825,2.713283021374036,-15.174151040532983,9.053443386290441
2000-07-21,1.9552540603137043,0.9962311075145753,-16.089358766541157,10.597138145420304
2000-07-22,1.4771257955700694,1.037968617339196,-16.193734798055672,10.67102330938202
2000-07-23,2.590471980280576,-1.011675922220134,-16.61877175982638,10.23725683646957
2000-07-24,1.4890896760445946,-1.5343341511513082,-17.848383633548764,10.487436133977178
2000-07-25,1.9788330467161648,-1.1580007117733384,-18.25130690618018,11.153932538430553
2000-07-26,3.5237990509972668,-1.744135409265903,-18.74273710483325,11.808848351609495
2000-07-27,2.3044745274440657,-2.3970301596237,-17.984369373829487,12.504023339207777
2000-07-28,1.3189890152067536,-4.140213232706711,-17.564444475163956,13.287038139990837
2000-07-29,0.5887958690502858,-3.6931986244665733,-18.23264832356721,14.622859512696673
2000-07-30,0.2569167695644044,-4.560551545931334,-18.58390085159062,15.154489143400594
2000-07-31,-0.002229138351679316,-6.274117205505868,-19.34780905459195,16.341618013582035
2000-08-01,0.23718109519563854,-4.989729397036763,-17.95201674697961,16.685082250572528
2000-08-02,1.5510386419015902,-5.417333956525095,-19.163030426766557,15.145557647174499
2000-08-03,1.2773499808276756,-6.905053144659682,-18.857337747065486,14.964596853751965
2000-08-04,1.3541133371730614,-6.603031437122766,-19.909477946034343,15.172542084884487
2000-08-05,2.4668579089342195,-6.436159241549347,-22.49046847044895,15.031652207710772
2000-08-06,3.479937783164827,-6.286209872639222,-24.2741090096081,13.330204313125646
2000-08-07,3.6756967059732584,-5.865385975932227,-25.114975891284264,13.030595309838954
2000-08-08,4.02653201288123,-5.665905715031877,-23.26626607518746,13.056380099171067
2000-08-09,3.414626863389108,-4.24834258917725,-23.64046778111623,11.52843720001324
2000-08-10,3.037033458900462,-3.5238926288902954,-23.793848486411914,12.078963510742605
2000-08-11,2.95974543471835,-2.1620551503832015,-22.96529714366174,13.18386333232625
2000-08-12,3.3866120084241427,-4.077484037878758,-24.110641478188466,13.590653018159193
2000-08-13,3.954039255582063,-1.6406806732750931,-23.620571164125494,13.990546066401333
2000-08-14,4.354231811321554,-3.0313627831852092,-22.508762048962335,13.58925408554722
2000-08-15,4.2928777687382125,-2.4480670509269435,-22.336523783110305,13.941846860902778
2000-08-16,4.568454368881784,-2.8686952334137263,-23.423681451132893,13.054111156059843
2000-08-17,4.751323492156241,-3.505027179433885,-23.887051846058586,11.925214966454545
2000-08-18,4.171382376390614,-4.418737992343307,-23.622452090245922,10.639069067507293
2000-08-19,4.907999438991404,-4.095135975699437,-22.312300954744096,9.398390803813466
2000-08-20,3.7775191922070404,-3.0380492103917094,-21.250631933187552,7.39664503710012
2000-08-21,2.8878241019010904,-4.265237026422811,-21.063549207424508,8.12194312683973
2000-08-22,1.5392828569013024,-2.737590232912993,-21.22842775703753,8.304964461868733
2000-08-23,2.0296623921818364,-3.4616350704524987,-21.61104473096543,9.103274269123352
2000-08-24,2.041602498472977,-3.9934706947820353,-21.989807185550116,8.582543698836453
2000-08-25,1.9440854791277324,-4.332890280050296,-21.621029338132697,8.716309655395714
2000-08-26,3.5053488801651973,-5.2090064083926615,-21.870122506170688,9.691457174402709
2000-08-27,1.7955956630241632,-6.323322781321185,-19.975949337611823,8.520730839013403
2000-08-28,1.4486350460725643,-5.996959522381958,-19.183392743139674,9.124801628593985
2000-08-29,1.1305240078928696,-5.4496771190266164,-17.924273736359208,9.40640709378815
2000-08-30,0.9736804077326776,-5.738294131680765,-18.369866875227693,10.02099919739972
2000-08-31,0.8003891632966886,-6.487636123671242,-18.154464986344948,9.480439039645265
2000-09-01,0.7396111273879113,-6.636982028625747,-17.95710160510792,8.91310309594223
2000-09-02,0.5839508313305541,-5.377533409748147,-19.385771023657842,9.271566371109813
2000-09-03,1.8820292881333456,-6.6254421513163715,-19.386960185772608,11.79490372146417
2000-09-04,0.8808400525821298,-7.130706381167975,-20.129966279976205,12.325954894894645
2000-09-05,0.7706267124986947,-6.807913721954225,-18.370003648268376,12.301190028525143
2000-09-06,-0.17411515293904423,-7.20999217635636,-18.67783953877079,11.917731750659172
2000-09-07,-1.889820429629661,-5.532268480632565,-20.09949117249179,11.387029369137375
2000-09-08,-3.817384357344543,-6.510568887075153,-19.410722206470155,11.831313107746961
2000-09-09,-4.829337853950361,-6.995586456006736,-20.976539885355777,11.801168137611677
2000-09-10,-3.393429849348398,-6.950917755469245,-20.70105607098458,10.813077525306326
2000-09-11,-1.976197825063199,-5.977018818178937,-19.27444023435763,11.791374385421667
2000-09-12,-0.47805194000768236,-6.639035508997439,-19.219021646438947,12.847049309844738
2000-09-13,1.0678705807856281,-6.433493564414157,-21.120478059670436,12.625970738136989
2000-09-14,2.5739246209669093,-5.399089195539169,-21.190889708321922,13.852355510766744
2000-09-15,3.65160866494193,-6.323291207689805,-19.8526884685701,14.933773190706253
2000-09-16,4.711538223580282,-6.189221600787185,-20.167671531876504,14.29307656646786
2000-09-17,5.2747488953658745,-5.983007840272761,-20.103881856217694,14.455335377643742
2000-09-18,5.502512366961702,-4.999240901811664,-20.19070581425789,13.269828203996456
2000-09-19,6.254107782245532,-5.39325345428127,-19.929554271693863,12.52878357988975
2000-09-20,6.331978511362244,-4.349206493248133,-18.172158597238987,9.978576203275448
2000-09-21,5.910690658294224,-3.532851231368521,-18.263749833409236,10.171219153969753
2000-09-22,4.711355502854138,-5.165200868474025,-18.728842290286263,8.45430253804809
2000-09-23,6.213723280101008,-6.052817732826162,-17.815390559837407,7.690852713033749
2000-09-24,8.088448126891707,-7.578411249956792,-18.57951663902114,6.405338370215468
2000-09-25,8.357279279216232,-8.608304814910676,-19.54425136280031,6.730651374149216
2000-09-26,8.164886215235137,-8.8068706281645,-19.808674045050413,6.0449383012866775
2000-09-27,8.230097175139715,-10.314921851461694,-19.140099597039793,6.618443870334178
2000-09-28,9.65486358948248,-10.353564988675089,-19.532644552689057,7.689381352770324
2000-09-29,9.946245028409708,-11.123620390313102,-21.109697946327838,7.416290539892172
2000-09-30,10.49680552112634,-11.089760346063679,-22.828540635219134,7.103163031673691
2000-10-01,10.384844328362759,-11.407964720281923,-21.955795271309782,6.9728912401627605
2000-10-02,11.397361262865312,-10.65564249413118,-19.665515016849646,6.9203192431264595
2000-10-03,10.393014778795834,-9.978433998295415,-19.29284058517331,7.431468789308753
2000-10-04,10.362171444013732,-10.552913965056153,-18.769252354352766,7.158934036834411
2000-10-05,10.199275476490719,-9.854310457402304,-16.78071834263308,7.326818729147814
2000-10-06,8.363703654227294,-11.201120969870518,-17.492035948091477,6.239218170882478
2000-10-07,7.5823822440116215,-10.403530316579303,-18.82382165966562,5.51723867676971
2000-10-08,8.084620878073395,-9.841176581825884,-18.40222901867485,6.102681282620878
2000-10-09,7.872330198731867,-11.473648848421814,-19.063304480909604,6.995905752039301
2000-10-10,6.55384027867422,-11.626800524432344,-18.78448046356813,5.851552255075104
2000-10-11,6.302640262881804,-10.827307955777469,-19.384559416569974,5.6497294923320025
2000-10-12,6.945851897738216,-9.79882195959844,-20.288784866964278,6.642335345352911
2000-10-13,7.135882714724207,-10.297024403515676,-21.973618920007713,6.748188439605273
2000-10-14,7.78779537690677,-10.990510533961888,-22.433757255777127,6.343525158914395
2000-10-15,8.277739609367202,-12.492978276580619,-21.685214311526252,5.437097015730038
2000-10-16,8.0416977302651,-14.879595399340303,-22.129134300463633,4.891019982255807
2000-10-17,7.701805916975026,-15.069342521075157,-24.697742498555137,3.687367351828495
2000-10-18,7.161294922402229,-15.657631064336922,-25.79558498966324,3.8458567686444742
2000-10-19,6.20693543785991,-15.106710358750771,-25.979391906376748,5.012617997504968
2000-10-20,6.413259989046865,-13.215280958729242,-26.21834157913974,4.370069907779418
2000-10-21,5.114459700776802,-14.186854249754772,-26.015668823690206,2.0344953061253213
2000-10-22,5.808600042205009,-12.456301051884612,-25.886656013047045,2.170837377651041
2000-10-23,5.976938466541682,-12.568653706063213,-25.147504944881153,3.647106141081018
2000-10-24,6.563087823016615,-13.521708992527225,-24.47876252796599,2.9914851702926164
2000-10-25,7.915273913374968,-13.793921987493027,-23.61352456182837,2.5241025284147254
2000-10-26,7.191739078603073,-15.29217161219122,-24.687605802241976,3.7127826920547653
2000-10-27,6.586595959237074,-14.575869953805128,-24.29804584187767,2.312786028240539
2000-10-28,6.839165339111967,-14.561515121628243,-25.32968491978248,2.3853378317200487
2000-10-29,7.594683581903125,-16.55124707836607,-25.397612032323384,2.598962830978441
2000-10-30,6.914102180791552,-18.86652363632993,-25.00285913348561,4.714257050752069
2000-10-31,6.505793833371158,-17.529788581319036,-25.700414762742138,4.745247192793468
2000-11-01,6.429510124710488,-17.478723444273083,-26.4058429924111,5.750107985099335
2000-11-02,5.792807635394634,-17.961877137500025,-27.68800562587044,4.130944001968878
2000-11-03,5.644402581533318,-17.987080212646237,-27.208445901458404,3.7275656150921948
2000-11-04,6.381855943008214,-18.312816103423835,-26.583525935291863,4.939144371533801
2000-11-05,5.065815671526974,-20.253550172598057,-26.40625048202254,4.020593075854453
2000-11-06,5.873885126897737,-20.70465319410594,-25.149806357765616,3.4919216149200123
2000-11-07,5.358843215504702,-21.575937666487068,-25.438225095664052,1.546506528687221
2000-11-08,4.915827677156897,-20.662922183318774,-26.228773782645007,0.04228780400482268
2000-11-09,5.645755047132895,-20.1141465358413,-26.68277438388388,-0.12559724799061117
2000-11-10,5.689627542756202,-20.657685831787866,-25.82714403866681,0.42975596953895595
2000-11-11,5.6175133027780655,-19.757116138213643,-24.374424426173423,1.7691853622922142
2000-11-12,6.090656937193435,-19.81017412729004,-23.39682940624784,0.5233562571724399
2000-11-13,6.10300405579792,-19.439698340784815,-24.02909758085347,-1.5326205164937785
2000-11-14,5.412866607477446,-19.251095205499862,-23.12257485049757,-1.3889896827910082
2000-11-15,5.737559001043144,-16.481446094856466,-21.816850031880033,-0.15531585119640612
2000-11-16,5.542162387079129,-17.12856670990803,-21.655026107031116,-0.14387943244357054
2000-11-17,5.029218925150241,-15.371759829558828,-20.907121939106432,-0.49515520292727533
2000-11-18,5.190477680059167,-14.965798343336283,-21.317135013499417,0.4719891589514562
2000-11-19,5.865443496943846,-15.979160999472057,-20.37814830202694,-0.1771330664340638
2000-11-20,6.180061392741582,-16.821649553228834,-20.87943018188668,-0.33739387410890637
2000-11-21,6.906647116479542,-16.290910824619694,-20.394694675430024,-0.6158407691086895
2000-11-22,6.596349504664129,-16.907405737922158,-20.150748261697746,-3.041726324359395
2000-11-23,5.774819575338471,-15.786925608232224,-20.48251275291493,-2.154578451286868
2000-11-24,6.754908275728024,-16.378840530893733,-22.743786468383952,-2.408754305993687
2000-11-25,6.74271898673753,-17.021117542812636,-23.227943314317585,-2.68059512671887
2000-11-26,6.918728346441057,-18.45690747202257,-21.91084267968754,-3.082839690492412
2000-11-27,6.934648591976937,-18.61628578670732,-22.210181578354316,-0.03136009548062235
2000-11-28,5.706647254806666,-19.609394741295528,-21.476333085387942,0.1439080753162897
2000-11-29,5.969315866565508,-20.550277104260466,-21.52864452074474,-1.4907703662919902
2000-11-30,6.63367988281214,-21.460971088054567,-21.64546463916882,-2.46442898237785
2000-12-01,5.356043491079406,-24.366372897947493,-22.519208285409,-3.3151873601114863
2000-12-02,5.768016948928302,-25.482013036996033,-22.088527278853597,-3.9917280301612696
2000-12-03,6.679220775124431,-26.270827907679728,-22.594984304819903,-2.804763750241791
2000-12-04,6.348818809518041,-25.830074556236603,-21.30435675651055,-3.828189415769713
2000-12-05,5.073559555277695,-25.18415028902928,-22.37614239712248,-2.4772889724629104
2000-12-06,4.009939943857846,-25.010485397882462,-22.791476681670517,-1.8390669829173447
2000-12-07,4.357768731781848,-23.57711557190561,-22.023698060044268,-2.8832034110717846
2000-12-08,5.083795390294787,-24.5155614844441,-21.866263147007565,-3.738196143124597
2000-12-09,6.116813347298365,-24.13866646399566,-20.318647267206167,-4.7652045346957355
2000-12-10,7.758563756063399,-23.392891224426258,-21.431598670263636,-2.8856169421198468
2000-12-11,8.688012693975635,-23.36320850888915,-22.663910283879883,-3.9720734164178824
2000-12-12,10.070569909851338,-23.789369377388798,-23.06471416011301,-4.142997074683935
2000-12-13,9.882907928304101,-22.290000517639463,-22.101894172132106,-3.6788708361709714
2000-12-14,11.419115451790656,-22.385372757711977,-21.847748490112753,-4.326923480320369
2000-12-15,12.260026094382539,-25.55223004527214,-20.796964678252934,-4.221664382417122
2000-12-16,13.269808653222173,-26.75109806984948,-20.484876304256996,-4.409409597520457
2000-12-17,12.786328046434315,-28.073464750884348,-20.252241582892747,-5.670651874325018
2000-12-18,11.640446374132162,-30.226460837160186,-20.354292543627892,-5.043388361574808
2000-12-19,9.191548858964644,-29.952655720504595,-19.37860458056143,-6.646867548084717
2000-12-20,9.835829176855615,-29.467762628200365,-19.84634443916307,-6.57798962142436
2000-12-21,10.0204522520227,-27.66783293890004,-18.520848286360827,-6.340884335006023
2000-12-22,10.348049749178502,-28.423020495498765,-16.506467792814988,-5.522743571399931
2000-12-23,8.125920744783299,-29.184179727548074,-15.954873826117334,-4.186605961841899
2000-12-24,8.19895677084688,-28.6305507044493,-16.528933421696166,-4.600605550307814
2000-12-25,9.279309634815553,-27.462083927129527,-16.47662530099455,-5.508802596293111
2000-12-26,8.81317087614015,-26.381317613126754,-18.405207154078347,-3.2610577008851074
2000-12-27,8.098525189257508,-27.14830297949498,-17.531456002440603,-2.406310000493436
2000-12-28,8.148142838740611,-27.5503120613335,-18.506806233617745,-4.246847017078514
2000-12-29,7.778242293056984,-28.883108020514307,-19.745786498015388,-3.016562785981455
2000-12-30,7.436584426929148,-29.260883028828097,-20.916551081462664,-3.7441549280980784
2000-12-31,7.2459549040647735,-29.733400060881902,-19.562779575820446,-3.287662529487663
2001-01-01,8.626800309640393,-29.398289290215466,-19.128866093642802,-3.6698566399843076
2001-01-02,7.320047360657431,-28.650245577291095,-19.27805615148381,-4.052592971449588
2001-01-03,8.558938113236922,-27.6355619227042,-17.90104671895517,-4.21761703516713
2001-01-04,8.407172858458457,-27.65788651823723,-17.296727563851626,-3.3720883319173436
2001-01-05,7.032044184830719,-26.22264612621329,-19.45964378083933,-3.4048519791776264
2001-01-06,7.600492562649967,-25.62736237943484,-18.426670434626743,-1.3949421500610155
2001-01-07,6.844955307368143,-26.035978893253862,-16.56110350828126,-1.2487059995657501
2001-01-08,6.133056935302088,-25.90325985451823,-17.741407457927195,-1.5280746700152585
2001-01-09,5.268652018482586,-27.34539176129193,-17.217211518081633,-1.316895837299247
2001-01-10,4.246158809503713,-25.91006039565389,-17.830589835691736,-0.9417226706573893
2001-01-11,4.352149438406995,-23.572744370656526,-18.781568798055353,-1.4641414542185847
2001-01-12,4.778943950066938,-24.36634777180418,-18.526641181814924,-0.3564638205852002
2001-01-13,4.199086301456677,-25.348542201482775,-16.735863293875816,0.8663419770145693
2001-01-14,4.751984440712383,-25.34204455108997,-17.207475433840496,1.4869381687614953
2001-01-15,4.683995085856018,-24.72326877740848,-18.232649917565098,1.6759439985560296
2001-01-16,3.8851071835354825,-24.24629039195717,-18.597520740828585,2.8799099856553463
2001-01-17,3.201816526586552,-23.92722452669014,-19.188425436292768,3.6241828989671028
2001-01-18,2.852494914687836,-23.464080352375397,-18.644997971801534,3.60160246962968
2001-01-19,2.3825772756663777,-23.66042595023185,-19.043804125771622,3.0302668730465045
2001-01-20,1.4407059276375311,-23.7981217136227,-18.601349099956895,3.822304373339594
2001-01-21,0.4957098877517283,-23.745221789857723,-20.00916243917592,4.220081851579055
2001-01-22,0.2819488899279481,-24.48305047214971,-19.990775726533506,5.345603236034069
2001-01-23,2.205584231259533,-24.266741718713238,-20.127119797740264,7.105680033928514
2001-01-24,2.183506615386381,-25.39512695333542,-19.986699843958426,7.343332575729355
2001-01-25,3.4898905052499476,-25.553424948880515,-19.71782816042719,7.732686755640266
2001-01-26,1.9405027120182563,-24.74323542585434,-18.539322144650146,6.917174608386645
2001-01-27,2.7596603323503355,-25.285324429726867,-19.03994157324605,6.933587756012265
2001-01-28,2.0181741948281977,-25.780400289476688,-18.927527155545754,8.44791153357398
2001-01-29,3.571988141249113,-25.338365746879422,-21.251334010261537,8.173072642802797
2001-01-30,5.912750148699773,-23.640363804463554,-21.634815364216223,8.747607590058005
2001-01-31,8.293959051256707,-23.05688100203968,-21.835272043270187,8.951795158727762
2001-02-01,10.11406076632503,-22.630735369497984,-20.936691332105408,8.933844503173587
2001-02-02,8.62278787455025,-24.019842887961637,-20.96654913600926,9.312874234792158
2001-02-03,8.803539310982808,-23.737911191504423,-23.786025963563027,9.222927025543715
2001-02-04,10.631151559051712,-25.137150358863913,-20.959907317881207,10.430180443198818
2001-02-05,10.638355845295612,-24.97150498506177,-21.685850728286276,11.086718322186394
2001-02-06,11.09171940362961,-26.23759390391774,-23.108970579216592,11.537093800929812
2001-02-07,12.203868789947379,-26.003195233086128,-23.66274225065171,12.83393862323536
2001-02-08,13.1236208268767,-27.592014974038506,-24.819751823457924,13.787779276185423
2001-02-09,12.172046372560743,-27.267107865557556,-24.73654180064453,12.970680597499717
2001-02-10,12.206596633502166,-26.609161882375297,-25.79594141811677,11.701505431623149
2001-02-11,9.656028331941847,-27.354196722498592,-25.52613910007849,12.965997306521631
2001-02-12,10.274241055409606,-28.044470022319565,-27.89487287331767,13.116214106737221
2001-02-13,10.98921176745479,-27.109525917724323,-29.19359064509412,13.222544388333704
2001-02-14,11.404268411618844,-26.444955608347644,-29.627902053673303,12.299430502229498
2001-02-15,11.713187990800439,-26.808084692120325,-29.062771112511506,10.68127955577211
2001-02-16,12.53496351362109,-27.303043087017354,-28.781821039659246,10.606359118826264
2001-02-17,13.883186051547069,-26.042562509814932,-30.265794270246843,9.865361432876641
2001-02-18,14.099657601854247,-24.24846337573344,-29.86856949101175,10.816541869113006
2001-02-19,14.356311530008888,-23.86544659211506,-31.059694342360082,11.572634160030837
2001-02-20,15.342977215447402,-23.541149004811587,-31.190011436280162,12.156629931350764
2001-02-21,15.411726999439313,-24.219256127663066,-30.164438914214877,12.862405886226107
2001-02-22,15.028227834992817,-24.852948278231757,-31.808530164473314,14.237179143698782
2001-02-23,15.910185193569728,-25.9758504056063,-34.33073301854684,12.647634481439644
2001-02-24,14.525180165250344,-26.124107897571548,-34.88483037880518,12.277502848127893
2001-02-25,14.870487357350935,-26.631239821153184,-32.51461989839722,10.809369089816135
2001-02-26,17.41382543832703,-27.87015657225864,-32.90355436975208,11.956480072369457
2001-02-27,16.413468143460076,-27.297906371251997,-33.590446934408355,12.456983893615417
2001-02-28,17.063401976499648,-28.621814873053257,-33.97978475856156,12.024281592570388
2001-03-01,18.42295274957973,-28.46917029198059,-35.33191254551995,13.277916716187647
2001-03-02,19.281229724835587,-28.24480541570419,-35.19317976912547,14.330036042976843
2001-03-03,17.36597954355972,-26.762486216608195,-37.01292124299704,14.711940355990869
2001-03-04,19.025196238174118,-26.647400502038735,-37.13148121533391,13.307875473730611
2001-03-05,19.769533970237624,-27.32754792733572,-38.144615051335855,14.620367572754486
2001-03-06,19.22200537734759,-26.87037087554069,-36.6210788470876,15.096637284355772
2001-03-07,18.675122824933997,-27.01703260715292,-35.72952158135526,15.289465617458449
2001-03-08,20.116960529098172,-26.719474936833947,-35.636475659731666,14.816887945116349
2001-03-09,20.043081374374072,-26.022099895743818,-35.90322938269387,14.628932270846997
2001-03-10,21.03690137297823,-28.046405275817875,-36.31484471327949,12.413927338675002
2001-03-11,20.42304682400772,-27.764592820334265,-37.748791040265104,10.363207798089233
2001-03-12,20.7970167744032,-27.818998155048845,-35.88061752451314,9.468322560937573
2001-03-13,20.474505985571213,-28.752466400230226,-36.220598571056684,7.710273336150248
2001-03-14,18.60969516513868,-30.507379824822685,-34.965753418736035,8.40404140766395
2001-03-15,19.562682859014696,-31.48434528932168,-35.26506576048974,7.626552073108897
2001-03-16,20.582541886288176,-30.99410413318459,-37.03848705630036,6.641814223778278
2001-03-17,20.126053968963333,-29.875017514966398,-36.93546325111476,6.913807640084738
2001-03-18,18.283674335568673,-28.718190462342324,-36.49604146660481,6.3661476132499315
2001-03-19,17.463704452036353,-27.9713211740872,-34.13073431537196,7.469801438310378
2001-03-20,17.044418290922202,-28.461724772514717,-33.67198385602263,8.641576474850211
2001-03-21,16.905805367825483,-29.615972990830247,-33.379775756630195,8.454439304020863
2001-03-22,16.7902888385399,-28.698465111161504,-34.88124782677238,8.938829100821058
2001-03-23,17.014228000492487,-28.569319411268584,-34.02374063802819,10.339159058199911
2001-03-24,16.47639098272869,-28.430396414704315,-33.94101070268033,10.71391675335474
2001-03-25,18.564570789521092,-27.378058737816993,-36.22828475431158,10.751017039301242
2001-03-26,16.646390929460676,-27.73420911847483,-36.52746649599235,10.470505252643031
2001-03-27,17.64326259172439,-29.45461103505521,-36.40002959703806,11.887744266955899
2001-03-28,18.311315012544405,-29.24034631418384,-35.78743076427626,13.196064522645072
2001-03-29,16.35152482112573,-30.166487367093055,-35.382469106190776,13.819331913677086
2001-03-30,15.093985014594804,-32.80488642578635,-34.802633601536435,15.784172332311687
2001-03-31,14.910185804879928,-31.401525933308083,-34.551356441049954,14.192949549014871
2001-04-01,12.931221040409392,-31.863104211106222,-35.250324340074684,13.090249634764694
2001-04-02,14.23294502779348,-32.82575588398953,-34.2213810283648,12.46958896097895
2001-04-03,12.761682684200565,-32.961483894020716,-34.221576265085254,12.698446296983832
2001-04-04,13.023627363068417,-31.61902683549937,-34.34301435373383,12.771285001356986
2001-04-05,11.640217674775299,-32.99802201102984,-34.917276230005584,13.964838511538254
2001-04-06,11.188028484928743,-32.4759232255977,-36.000078908385014,13.416265071361122
2001-04-07,12.33096219339413,-34.33562519604109,-35.55903375246625,14.073137489010941
2001-04-08,12.110020824995166,-35.94697688053065,-35.14711481325253,13.473445878503577
2001-04-09,13.300949381199956,-35.63703899213781,-35.2760484639223,13.014017800533196
2001-04-10,12.655322438213311,-37.06013488447766,-34.87526070569101,12.892530086092044
2001-04-11,12.596248329897351,-38.34161322733546,-34.55809116246892,11.908003593338032
2001-04-12,12.098386207206493,-40.027002703382074,-35.44130352706986,11.518717384233076
2001-04-13,12.627370465009829,-40.56600717525812,-34.954201542347725,10.717380970909426
2001-04-14,12.417420760823187,-40.86636249839273,-35.72972485594189,13.572919469649834
2001-04-15,11.83925820187001,-40.01273112171939,-34.85427738553571,12.945610533147269
2001-04-16,10.165288164825077,-39.33357901432355,-36.28026572702654,14.254830359871796
2001-04-17,9.745397962662041,-39.61076693095418,-36.63069054556047,14.237988988951608
2001-04-18,8.888821166028949,-38.41086939116947,-36.44089651981214,15.188977732849349
2001-04-19,9.052309586611454,-37.57978487308899,-35.769921201195054,14.81065715316961
2001-04-20,9.12508463327294,-37.43844630515829,-36.95831651616476,15.481414260824666
2001-04-21,9.541142602097725,-37.03296461590396,-35.908908815213636,16.240099792794897
2001-04-22,8.75605077611914,-35.86133286940669,-36.93605733063872,19.070111277191526
2001-04-23,6.887821486665028,-36.395673300579,-37.28712384269614,18.977528204611772
2001-04-24,7.659866584638259,-38.18732795269959,-36.584210317503135,17.19696404923439
2001-04-25,9.260581631640065,-39.22521992932149,-38.346579546194405,17.277856822195492
2001-04-26,10.197938974005677,-40.499065178865074,-38.09814314153205,18.772358910122286
2001-04-27,9.824035850406524,-40.54504010142741,-39.089589706562414,16.04236370753996
2001-04-28,9.2336749600725,-39.85633654622276,-40.62875668001499,13.5616995194683
2001-04-29,9.016362883409032,-40.25033091709913,-40.51965994397143,15.470230852003828
2001-04-30,7.994061010243631,-41.525226286813414,-40.678445407318804,15.593096608984608
2001-05-01,8.330164421616555,-40.1225755164268,-41.472622598415654,14.516903286353351
2001-05-02,8.538787291888717,-39.776170069952485,-41.51939068845255,15.282038520681084
2001-05-03,9.015823534535858,-40.470811881681264,-42.543403573477725,15.461812244408401
2001-05-04,10.017676027191348,-40.27761982513164,-41.88471357111179,17.329125631740375
2001-05-05,10.2829300011619,-39.20458728936041,-42.52019629657518,17.602465376138504
2001-05-06,9.74484915657949,-39.30685915806284,-43.06908956983028,17.89109057917904
2001-05-07,9.174150690660197,-39.580859573580376,-42.83446245179676,19.124976233290333
2001-05-08,9.333394592873193,-39.986427128500665,-44.464234210695814,15.779068958688743
2001-05-09,7.384094601123073,-38.85002555610948,-42.58689685438158,16.604521215947045
2001-05-10,7.590447743324472,-39.34038182849269,-42.604561218587754,17.844194970513186
2001-05-11,8.633663244517141,-39.14827480925647,-42.13762371707352,17.06288835107902
2001-05-12,8.92098187739584,-40.31859752787925,-42.358602456508756,15.476234089614223
2001-05-13,8.831386338836325,-41.97648315586126,-43.654378667751374,15.15451438566726
2001-05-14,9.486827084378147,-42.40441193687756,-42.472026363842424,14.337356271592158
2001-05-15,10.529223335320863,-41.55188437749581,-42.79104522193954,12.862072941989862
2001-05-16,10.064962665147535,-40.963312980650315,-42.9042388307168,12.24619910775535
2001-05-17,9.73507720602517,-41.49280915127167,-42.05167808129736,14.05242527638147
2001-05-18,10.774261001796205,-41.38195736823485,-40.73612130329463,13.56045018708451
2001-05-19,9.745802900513851,-41.61697657301423,-41.272954363882086,12.342619291027727
2001-05-20,10.702570582587343,-41.279384617696195,-41.88263480339603,11.426297547219427
2001-05-21,13.38397266596988,-42.83959093732411,-42.221171191478454,11.896597417670504
2001-05-22,13.532391756295409,-44.65733668745621,-40.79083248231411,12.990929223053476
2001-05-23,13.992119132707876,-45.832345037152095,-39.8144553264703,13.550689980471951
2001-05-24,13.221618000254733,-45.58657614062332,-39.66940592520148,13.366059738499807
2001-05-25,13.84509244210081,-45.21564504876999,-39.52977118615217,15.372768320019842
2001-05-26,15.196663749477874,-47.09665029701198,-39.229211480007294,14.204215841341977
2001-05-27,15.04827615336027,-45.357317522680084,-39.05191294538248,14.958939830542008
2001-05-28,17.77006245095575,-47.51856116429234,-40.07245512929397,12.22867131471155
2001-05-29,17.42067964740148,-48.06923851032998,-40.32138550572395,11.588134078796857
2001-05-30,17.758194198065862,-49.09466160932,-40.631614262406686,11.010468557840996
2001-05-31,17.4523850703774,-51.16496423821492,-41.238923665045874,10.797315397426509
2001-06-01,17.647592036058857,-50.337624193318995,-40.61371671946762,11.719026894917802
2001-06-02,17.771177732642574,-51.195775102424065,-40.65363532522983,8.877993933819274
2001-06-03,18.038066212587395,-50.71215914298131,-39.512569929120566,7.540442677065506
2001-06-04,16.14828185100909,-50.49115478316457,-39.981148853127934,7.477156184498151
2001-06-05,16.44332169449976,-51.98924928273102,-41.18960859251003,6.738541487495847
2001-06-06,16.19531444605248,-52.866736124685325,-40.79491692565872,6.985982439294469
2001-06-07,15.725200414004986,-53.787159833922395,-41.560468165330796,6.417691797928249
2001-06-08,16.891571531814982,-53.9559976024019,-41.38075097135529,6.03685080959459
2001-06-09,16.767251723165057,-54.05736128324761,-41.48904314857886,5.420418143645888
2001-06-10,16.254444226007355,-52.55538961396103,-40.486152796460416,4.241976976859354
2001-06-11,15.396953569775764,-53.18671645488283,-39.90597580363989,2.8889206054691563
2001-06-12,15.524764005870766,-52.87481421270072,-39.92936851488527,1.5893842095213455
2001-06-13,15.20842829281683,-51.830939371370924,-39.761444276789504,1.153793512379992
2001-06-14,15.27577470301367,-52.05881188396864,-39.72296954618298,1.3103678678226276
2001-06-15,14.24735364226596,-52.53092338566931,-39.71832854006775,0.41962459001042385
2001-06-16,13.770191782412306,-52.39907666578773,-39.31432172729737,1.271337506376391
2001-06-17,13.078715834659542,-53.0962510532675,-39.510261594624424,0.20846729147882548
2001-06-18,12.629870108999718,-52.34144944214864,-39.719765548651935,0.9785984675186234
2001-06-19,13.75122472051515,-51.60167878223442,-40.954891950234476,0.09489252736984977
2001-06-20,13.819326029900628,-51.324440747332694,-41.25612474841868,-0.6386260822504195
2001-06-21,14.530641091677923,-52.5181928515708,-41.15370832015628,-0.6423658865820682
2001-06-22,14.673511206128671,-51.56080218962868,-41.142360739529124,-3.6588495318688303
2001-06-23,14.288136188176665,-52.89757237935979,-41.15484640856616,-2.117732404245421
2001-06-24,16.19870468463223,-54.10753597147523,-40.48883612525688,-2.6641428195781325
2001-06-25,14.999113587693431,-55.04717323262282,-41.04735896198877,-4.506242837962088
2001-06-26,16.192679365560732,-54.07670963524471,-39.55856242989044,-4.515874885682981
2001-06-27,15.354625467711005,-53.994569303123455,-38.7359375622132,-3.5722137667420646
2001-06-28,15.92063662813623,-53.791899865516946,-40.30847120610398,-3.8020332028895196
2001-06-29,15.76154005462616,-52.36193044889459,-40.19004741176524,-3.5321684466251817
2001-06-30,14.365612580435853,-53.08005771830849,-39.79638655920347,-3.8381154927166117
2001-07-01,14.35835915762298,-52.031573030472366,-39.93096557868649,-4.359678871490129
2001-07-02,14.617081859739706,-50.329746630059816,-41.31381535627897,-2.4004013323997757
2001-07-03,15.738121727740612,-49.42443190694226,-40.34320006449454,-1.4411531293423316
2001-07-04,15.329493010047305,-48.0780239678529,-41.94472491028145,0.0022182118455067457
2001-07-05,15.979488881483013,-46.38565367646001,-41.6077903732655,1.542979083992048
2001-07-06,15.798012155632154,-44.942647771372144,-41.754700408920584,1.2781310474750465
2001-07-07,16.93039358320318,-45.978881252228334,-42.49365224021896,0.0829542688648337
2001-07-08,16.950461908190967,-47.01600382822478,-42.767542198274896,-0.9913924373365022
2001-07-09,17.294117461961648,-47.69830507431991,-41.37096687738358,0.17662845384254022
2001-07-10,16.707622528038907,-47.32605378025717,-42.210494284951075,0.343743876821216
2001-07-11,16.076949952942638,-49.185540868234284,-42.97857128514916,-0.27368336608725696
2001-07-12,17.44823221007497,-46.94813296776904,-42.38953848884278,-1.2539009768142968
2001-07-13,18.61348010829908,-45.38324160337885,-42.45359220455841,-0.5129425664098113
2001-07-14,19.609228577903362,-45.9260569504138,-42.83949645104836,-0.5929463225291237
2001-07-15,19.394951499752846,-46.031686487373165,-43.323413952318724,0.10434436058081964
2001-07-16,20.001837777970973,-43.34226658386688,-43.17549143782312,-0.47290160067185316
2001-07-17,20.477982884745405,-42.74118616715413,-42.29563983814286,-1.4545057691235561
2001-07-18,21.624790569974998,-41.8399934019577,-39.83248089618984,-2.46690216799509
2001-07-19,22.166666776015916,-41.282485683671446,-39.33798657042289,-1.1956354527532036
2001-07-20,21.468276263642316,-42.27701819720502,-40.19835099648811,0.9516990900341575
2001-07-21,22.38274810736605,-42.70463732380897,-41.17080569248157,0.11827691687049835
2001-07-22,22.36759485426224,-41.1562665909761,-42.40500156883398,-1.3147054443704236
2001-07-23,22.472516655123737,-39.53613999353926,-40.39641908338168,-0.575641892391614
2001-07-24,23.418592835269536,-40.68635898303166,-39.07020420670962,0.4983329430373331
2001-07-25,24.32604925236695,-42.138616038155504,-37.905758868366235,1.4226004627260491
2001-07-26,23.207664022382264,-41.79678872998987,-37.87704534235155,1.3859309040444838
2001-07-27,23.027610997080718,-41.86584915375172,-39.35799231446437,1.6087735105142509
2001-07-28,22.71768906318156,-43.325019710406856,-39.619784466838595,-1.5818038770656007
2001-07-29,22.772338310582807,-44.55847988503225,-39.921689050543215,-0.6773149686557047
2001-07-30,21.865634223648474,-45.32434928428864,-39.64566797606318,-0.8278384380736393
2001-07-31,20.995986368339377,-46.093383731459376,-37.99123494446928,-1.520101174798243
2001-08-01,20.68860215959573,-44.00776300152993,-37.62923576602554,-1.4937501616632196
2001-08-02,20.4710168781565,-43.27003751884254,-39.29453727769413,-1.414549751961504
2001-08-03,21.396364205125778,-43.2583805443972,-41.34072201552673,1.7055016852924971
2001-08-04,22.95876979253957,-42.60910718181929,-40.859215524359975,1.2250313245005224
2001-08-05,22.359595199925035,-41.61636811546753,-41.036690666224786,1.022478574221107
2001-08-06,23.411318866298974,-42.164163721946004,-41.88821344204611,2.472991435944272
2001-08-07,21.84796130836683,-40.210352785270786,-41.43236864166379,1.6445808849226284
2001-08-08,21.258165898944753,-41.072548823861744,-41.00016378605053,0.41110522070042244
2001-08-09,22.592071741841742,-41.34721968068478,-40.10222375704502,0.6475407431204164
2001-08-10,22.03886418279899,-42.8948797718722,-39.14868380496073,2.315341614091339
2001-08-11,23.7961967680431,-44.352939804927296,-38.23383245623986,2.4747248078548276
2001-08-12,23.400143405986498,-44.707925732225554,-39.474913862441646,3.458766791894982
2001-08-13,23.59430135944608,-44.810112256304826,-39.30786221916308,2.620488442062474
2001-08-14,21.125842907967154,-43.27412539304527,-40.07130281342927,3.4589646827669625
2001-08-15,21.55534373006684,-43.217717509935895,-39.85392690198974,4.042949334451534
2001-08-16,21.98540490091445,-43.927622007612754,-41.55487757463511,4.221019529258899
2001-08-17,21.701735198864448,-42.01142093619501,-42.994064458396636,3.93901095312743
2001-08-18,20.699395066379513,-42.463910638456106,-43.33230101654008,2.981477315845189
2001-08-19,20.45434006773057,-42.84315544212438,-41.76888687978102,2.648173727311293
2001-08-20,20.406243288918265,-41.57013569901974,-39.81684305767703,3.687816405739304
2001-08-21,20.90572782498935,-41.08640193749037,-39.45409269062719,3.5865954631453554
2001-08-22,18.009920960588577,-41.38878251372171,-39.25339232324342,4.744716074958321
2001-08-23,18.21068380508646,-44.05787851598352,-38.56803053024643,4.687952637640654
2001-08-24,19.43102176223501,-43.315868230865,-38.388436628303445,4.908798731434686
2001-08-25,20.489580665035408,-43.33304108447913,-38.42107474827119,4.411952847395369
2001-08-26,21.329251055765,-43.12803452446643,-41.180052813191544,4.332154828637233
2001-08-27,22.537913681918955,-44.34944613177199,-41.209618517749725,5.859761806713426
2001-08-28,23.067519073540808,-43.211784595477724,-40.90668202559159,6.128695593339248
2001-08-29,22.890577387934073,-42.65697950107693,-44.31882566835778,6.336456169526584
2001-08-30,23.445985979569663,-42.64004780202119,-44.144400922616725,7.187914335434087
2001-08-31,22.055641974164672,-40.684760197613585,-45.02792938411395,6.756841299099178
2001-09-01,22.07541064250211,-40.093201459492754,-44.84520568739494,7.431516509762068
2001-09-02,23.379681777953678,-39.19033915152993,-45.10164345795524,7.112545229667393
2001-09-03,25.219736741398158,-41.421562913989845,-45.19416190851332,8.245496459544286
2001-09-04,26.705124833403712,-40.920278603656044,-45.99998053708205,8.641934457118525
2001-09-05,25.279302553173302,-40.73071731106583,-45.49967160531038,10.27168332508394
2001-09-06,26.032788346614815,-41.708517767088466,-44.917204967037264,11.75104841097191
2001-09-07,23.329642648519403,-41.631246698087686,-45.02306562485887,11.498559120774923
2001-09-08,22.50992005501963,-41.31891882014676,-44.45183101860174,12.797083512137004
2001-09-09,23.159156390282007,-40.41487322597158,-46.049529207789575,13.124269131953021
2001-09-10,23.40666589286378,-39.24607616081389,-44.60267988195233,13.161877262146524
2001-09-11,22.29068525415126,-39.01651909759268,-45.05449891268565,12.566027237074685
2001-09-12,21.271909291743228,-39.410989096519096,-44.8336638624227,12.90896920489417
2001-09-13,18.112052657757097,-38.51889450211717,-44.32475308560575,12.194248489689429
2001-09-14,16.495312641076236,-38.16334225833765,-43.55969961455046,10.723498268796162
2001-09-15,16.414109136785843,-38.23668068345658,-43.35199866544815,12.701459059493738
2001-09-16,16.297500197464664,-36.37750549975755,-44.41037680593482,12.399614939715308
2001-09-17,16.12494857381604,-36.760349454256286,-45.75639213520163,11.320974147613413
2001-09-18,15.332910515418837,-36.125961453781265,-44.961854651440525,10.855105140672162
2001-09-19,16.33610036925224,-36.8295553206151,-45.67150545725853,11.845732729350887
2001-09-20,17.13124623267172,-37.7862276028238,-45.04779763970328,11.767858854191388
2001-09-21,18.253290785236146,-38.11984291342842,-46.0418213153608,11.977838023903278
2001-09-22,17.96439327708157,-38.02266597177869,-46.333029665504306,12.117888514579509
2001-09-23,20.307835776713404,-37.150220212377214,-46.376036452154096,11.843142043036197
2001-09-24,21.335973782266457,-36.71109566280389,-45.355007118517484,12.554637276411501
2001-09-25,21.789403851276184,-37.203226523815054,-46.125682388662696,11.779217614410618
2001-09-26,20.75696924448675,-36.7689381623146,-44.84191511193052,11.927254186933535
2001-09-27,18.905888885970533,-35.85925893072768,-45.20194277628803,13.7827997766287
2001-09-28,18.0100593490027,-35.29424370487997,-43.733228978364615,14.321295240041282
2001-09-29,17.699023492757807,-35.65032180112915,-42.611365511228506,14.019813602349501
2001-09-30,19.184426990714424,-36.0884786418306,-41.72285086196367,13.91577237981793
2001-10-01,18.296213556700874,-35.009507261141835,-39.41859753975858,13.409761199953522
2001-10-02,17.725646807229392,-32.168975385950105,-37.99040670857248,12.444552554359397
2001-10-03,17.54829527104245,-32.106525352365125,-37.92831306656705,14.038404987609102
2001-10-04,21.11033889400403,-31.96402789209908,-37.81248013313161,15.506173448431813
2001-10-05,21.19911223712937,-31.181163288817086,-38.93246069318618,16.023292983896496
2001-10-06,21.52715294852656,-31.035131892688778,-38.51751933622248,16.230786257008923
2001-10-07,20.629405300675778,-30.580243000204437,-37.3875114039069,15.013754194378299
2001-10-08,22.105054803189102,-30.124018402376226,-38.420293527752285,15.96705442409057
2001-10-09,22.86453271149175,-30.2299581995509,-37.767670698299646,15.604379535576122
2001-10-10,23.30107416420119,-30.762392937369864,-38.316170644521,14.276882686763326
2001-10-11,24.58564624893711,-31.64200634878026,-36.92716807039154,15.17645852117444
2001-10-12,25.380687157108426,-32.53952633500509,-37.48981467221689,16.053226987751067
2001-10-13,25.533296197419705,-33.39196914048618,-37.145580267280266,17.1657274379725
2001-10-14,24.332691284394112,-33.467697223961856,-38.89763773032766,16.44155221050769
2001-10-15,23.798621273679714,-33.63829084626121,-39.35514923386969,17.388495764785795
2001-10-16,24.544727251253377,-33.45409117697355,-39.17843618115289,18.03195433260014
2001-10-17,26.00227833444362,-35.63464757412869,-39.018251419329054,18.691684007841808
2001-10-18,25.74682760577271,-36.20466096711217,-38.918639097223455,18.40593707021834
2001-10-19,27.01110035882946,-38.37599208133869,-38.94677532896382,19.731295627952164
2001-10-20,26.917514713296644,-38.40485820216276,-37.08353309981734,18.73929633811323
2001-10-21,27.015230436959897,-37.24692766355123,-35.30601647634364,20.503575496495497
2001-10-22,26.554675900526128,-36.701804858768604,-33.46677893702233,20.685533457321135
2001-10-23,27.138016189232875,-37.61491628041314,-34.34858172636859,20.453410733019464
2001-10-24,28.31364488817197,-36.59879065007348,-33.582245069996794,20.208643378041618
2001-10-25,28.310789030704544,-34.75806003708985,-33.63060369119271,20.359874168339896
2001-10-26,27.39237432413824,-34.0925942815045,-33.80694887363507,19.760367695127286
2001-10-27,27.695294971741372,-34.296403441898775,-32.11931007384723,20.301935373937667
2001-10-28,29.120355804720766,-33.95671513936083,-32.35119754169519,21.4907596176982
2001-10-29,30.17873560883164,-34.71354751832957,-30.36127904661068,22.386525310800376
2001-10-30,30.558601382105618,-35.73656537985775,-32.15973142460301,22.55598660508292
2001-10-31,31.6444822858737,-36.189471519433596,-30.54645550182203,22.151602957974823
2001-11-01,32.06153478133478,-36.05231680340403,-31.777008368301164,23.207989644422355
2001-11-02,29.96599439046994,-35.14239086411682,-31.449327879372937,23.594630114727792
2001-11-03,29.652474781499407,-34.61959428851194,-33.97958122673405,23.073652884482932
2001-11-04,29.164014034408975,-35.33318799618563,-34.07399779027743,21.769818355999405
2001-11-05,25.835821508360887,-34.625638363662866,-35.99350624017863,20.896060522927836
2001-11-06,24.224178557314,-34.63155344411634,-36.486843883960645,21.256751798949015
2001-11-07,23.13951507588209,-35.59642035086283,-38.569496386525834,20.36319160338912
2001-11-08,22.52577851320765,-35.190235695773815,-39.24797849588563,19.916801183723962
2001-11-09,21.990602058830106,-36.68901921037661,-39.838732475025445,18.39094663978462
2001-11-10,21.271818572109265,-36.60979988533697,-39.34176692433402,18.289720141671193
2001-11-11,23.294416689530376,-37.44993896903953,-40.47868565456206,17.29986003970813
2001-11-12,21.808345839676306,-36.4186124743964,-40.41209367732732,17.747937887890696
2001-11-13,21.392729454372375,-37.91759641225987,-38.80791292606141,17.793765243989984
2001-11-14,22.059277336762783,-37.62816088480928,-40.0236240551905,16.745348353209256
2001-11-15,23.266090388048408,-36.847251825068035,-39.87994533285401,17.855288998309454
2001-11-16,24.618874297773537,-36.51225558416344,-42.06633796120396,17.735152266787313
2001-11-17,24.00008522806121,-37.76352061741572,-42.15215275779047,15.98323371891039
2001-11-18,24.853569291228627,-37.0846992079984,-42.62658401670508,15.502811581443474
2001-11-19,24.466674828210056,-37.26886554546479,-42.549816740305374,15.009153075517128
2001-11-20,22.81793481144097,-37.34365725228134,-44.544550412586034,14.214769639314369
2001-11-21,25.015034166850572,-35.58781662564056,-46.16174136204354,14.781009598067472
2001-11-22,24.047118579444323,-36.560698479762834,-45.77987951309557,15.185713265323923
2001-11-23,25.53334131747751,-37.06734017944926,-46.92143266299249,16.69767209012957
2001-11-24,25.907000541962677,-38.55298621450886,-46.19952252120765,17.42047399418268
2001-11-25,24.726712051784,-39.46222556446385,-46.71880520587365,16.66241473600077
2001-11-26,25.293962550033964,-39.79143153881062,-45.40676764221931,16.93662992737712
2001-11-27,26.489028845391395,-39.43423546414947,-46.394303133842634,16.167792440239726
2001-11-28,25.75104368193871,-41.44158659302596,-45.13831026827046,16.26263637051869
2001-11-29,25.820467474092833,-40.14170304010547,-44.79143573515413,15.489723046793836
2001-11-30,25.52320175207782,-40.250612551961595,-46.07944442900755,14.859253552602487
2001-12-01,25.22075098275379,-38.91595481422293,-46.931644251606265,14.863074570764077
2001-12-02,26.21203390505706,-37.84721498584688,-46.3034755836246,14.35312355454087
2001-12-03,23.996170361969234,-39.21813121756108,-46.638184834779906,12.815265078161282
2001-12-04,22.469723866837988,-39.28274752790432,-47.01814045473231,13.069248390673696
2001-12-05,22.632933961518326,-39.79200862481795,-45.9927141930713,14.091746004168327
2001-12-06,22.83613218991138,-41.133530974058786,-47.15586953561431,14.02442120469062
2001-12-07,22.183724941847746,-42.447842653839544,-45.24465091801992,12.888215986463063
2001-12-08,22.647284658829115,-44.729549180348386,-44.29002194403143,11.482621663687388
2001-12-09,23.903474023651338,-43.91264807495197,-44.48224303273536,12.16472480149977
2001-12-10,23.396968257969935,-43.97206124122815,-43.54274120910552,10.669655712523875
2001-12-11,23.729418008410835,-44.00379535620944,-42.889438416632984,10.007274937632353
2001-12-12,21.5635635413,-44.49258260683975,-43.097955219808796,11.637093639621938
2001-12-13,21.757275036930125,-43.73503577268779,-42.54195226687298,13.251977593946386
2001-12-14,21.671945514017033,-43.04517082445894,-41.79983666480151,14.317066181798143
2001-12-15,21.28894626678682,-44.32638003610833,-42.07969645235209,12.173846237782913
2001-12-16,21.581935014765158,-44.53965255309314,-41.34946177022971,11.70025252540753
2001-12-17,23.52318624109067,-44.22664278236928,-42.46563305628867,11.406567178614782
2001-12-18,23.010289820359056,-43.801380163334905,-39.967947940746136,11.054133111932776
2001-12-19,24.376658582438022,-42.5620311615777,-39.43331204442675,12.450428710280553
2001-12-20,23.747521633953518,-40.90705963409564,-37.76512821078823,12.626318230845968
2001-12-21,23.65489684135925,-40.74979521759517,-37.39348452278769,11.954166076410022
2001-12-22,23.594295477794674,-40.87212298340915,-37.81546789571199,12.414063412904234
2001-12-23,23.399115103191313,-41.42665584517929,-36.99982025173453,11.964243800761697
2001-12-24,22.931080487089474,-41.97247207540512,-36.333312317944724,9.47623913874245
2001-12-25,20.65933077342398,-40.856393358635565,-34.079658282052755,7.304332270085885
2001-12-26,19.927032671566266,-41.65871008912039,-34.84353273730826,6.492574741409134
2001-12-27,21.124820470910233,-42.74456398307104,-33.47513739888752,5.680761704715699
2001-12-28,21.56713304420247,-42.98184244385271,-33.650708410378,5.1375056718398975
2001-12-29,22.761830889725687,-43.159916256107984,-33.949056576531355,5.170587055952469
2001-12-30,22.143751275688025,-44.278156790063996,-34.847647418204716,3.495058748161311
2001-12-31,23.81433381768709,-42.39283601510454,-35.17374081618102,3.3164661801275854
2002-01-01,24.00158170386087,-42.26090372649007,-34.54044161070987,3.9040725472683553
2002-01-02,23.473535187915648,-40.534557744942155,-34.22991722919831,2.303320247786212
2002-01-03,22.904781031537322,-40.21883041917612,-33.651441544073144,3.243588555068746
2002-01-04,22.12061042126657,-40.69857601681558,-32.93931740802126,3.3418581289163836
2002-01-05,22.582544025373494,-40.491573479022975,-31.333846215552924,4.351454095493851
2002-01-06,21.3231560237366,-40.828116089139925,-28.995110663062594,4.379165637132773
2002-01-07,18.574193274592485,-41.72438703508931,-28.525443314482263,5.29967665676568
2002-01-08,17.86864275742412,-41.533077185408466,-28.134454110105708,3.324649081204749
2002-01-09,18.339495225253234,-40.230656184012105,-28.155218015582776,2.5110792381636493
2002-01-10,18.704299078112612,-40.56330711575468,-29.676006634182073,2.2586474476317395
2002-01-11,19.490475762369897,-41.55740414154299,-28.523128168125666,2.516102016830101
2002-01-12,21.411705198699988,-42.60092444174098,-29.0813702620056,1.3364727461326409
2002-01-13,22.30633854832114,-43.13050384196405,-28.905675224091553,2.747726462090186
2002-01-14,22.357605389164267,-42.04758237170665,-27.743664209714495,0.26163205675246415
2002-01-15,23.195276999190323,-41.773109140948,-29.213832966129733,-0.02413192355214666
2002-01-16,23.830304319053756,-42.270193494867414,-29.796260777216727,1.105634596470826
2002-01-17,23.040584042265756,-41.82348786228978,-29.837136395584906,0.1812887846536071
2002-01-18,20.66809637502169,-42.39870529556936,-29.75285831824342,0.5798083543619093
2002-01-19,21.3896208662201,-43.099623281236155,-30.112846698231568,0.016681287041185322
2002-01-20,21.02792837420901,-43.505230217568254,-30.25652000594141,0.2712463504972988
2002-01-21,20.264148568692463,-42.834447369855596,-30.454988103639813,1.3461089104473083
2002-01-22,19.369340476728844,-43.107787297272495,-30.688526830308223,2.6907619622611203
2002-01-23,19.478770669581774,-42.51845702215866,-30.234650008058853,2.5065162789129936
2002-01-24,19.056866374474595,-42.42871461623627,-30.14178889650308,2.83357235526126
2002-01-25,17.459644980005507,-41.70947726574643,-31.074421351623837,3.3217776155465986
2002-01-26,17.204343782609822,-41.90605567612023,-29.834819061239806,2.495023199929841
2002-01-27,17.597755029901514,-40.29826417775941,-28.69247268075687,3.1738403960209176
2002-01-28,17.27430356793992,-40.093446568619335,-28.82674212514163,1.925688959096031
2002-01-29,15.685579008920538,-37.92142268932373,-29.495801711204493,2.735918938784472
2002-01-30,15.338336133633392,-37.400749220984366,-29.329877603479744,3.010541248779777
2002-01-31,15.853616668233519,-37.11953928945424,-30.329934427701676,3.2438634324422537
2002-02-01,17.210592067472888,-36.763831320158964,-31.64959637959836,5.38547342405584
2002-02-02,16.4350386216647,-35.472614609249455,-29.478569096840808,6.185940147330212
2002-02-03,15.665130606040853,-36.58236452395698,-28.496045680406876,5.742038064565041
2002-02-04,16.95485921744975,-37.31493287091134,-30.384464658527193,3.989223372838846
2002-02-05,16.265252008851984,-37.50316357059628,-30.422250066392273,4.388502488809174
2002-02-06,15.547608242113565,-38.21375705911246,-29.39988544855045,4.271488844677436
2002-02-07,13.794501994341447,-37.45003180113212,-28.132049202739605,3.850123120923121
2002-02-08,13.876157042186557,-37.59831511101772,-27.228511761210473,5.4611583066538465
2002-02-09,14.096629077813574,-37.59411635689236,-26.064931530841623,5.847094050372112
2002-02-10,15.195194524103766,-37.9959548084304,-25.62489104650039,5.256233941714989
2002-02-11,14.88204506499579,-38.77859182400847,-28.255925622429043,3.93834116371299
2002-02-12,12.977929572159617,-39.375852185527265,-28.628806045912636,6.047094621650183
2002-02-13,11.354792420993874,-39.54317482361204,-29.747142204859024,6.271982712346343
2002-02-14,10.244417068469168,-40.301979879126364,-30.831295696704704,3.9409337295616615
2002-02-15,11.360155025494752,-38.865485496592626,-31.036054515064208,4.5348660364566005
2002-02-16,12.11863657018687,-37.368237665996105,-30.605609148571162,6.2825718401840245
2002-02-17,11.374968489734302,-36.93601145927081,-30.669506446628183,6.249230343051852
2002-02-18,10.301665320818344,-36.30788995346994,-32.124915055920056,7.220850318286796
2002-02-19,11.638342399321928,-36.45498873413168,-31.568654746761602,6.930279010623847
2002-02-20,11.58459222471122,-35.70465461602763,-30.731303199917182,6.802187188350754
2002-02-21,11.87382357625729,-36.67991714044573,-31.50499509827697,6.854674261902133
2002-02-22,11.879815736371288,-35.871903912487625,-32.465334483266204,7.312561418675258
2002-02-23,12.976716461421162,-35.667233235219484,-32.564943101684875,6.246220391885173
2002-02-24,13.054530730164267,-35.43037585257396,-33.16788996153857,6.225476641697432
2002-02-25,11.95603699868069,-35.879178851611265,-31.622107803454394,8.595416318240922
2002-02-26,13.14590779602134,-35.499439116141616,-32.11141293800324,8.464867705172875
2002-02-27,12.8648857512286,-36.6589601041714,-33.21842399590967,8.01129993602517
2002-02-28,12.3096748779407,-37.63526870478398,-31.96822777775073,7.343658633797763
2002-03-01,13.02547106376812,-37.06843445532657,-31.121444499344587,6.778932431187524
2002-03-02,14.065706443156405,-36.621079453402686,-29.78955001800619,7.489280327316568
2002-03-03,12.975137964213234,-35.98378046274572,-29.34165788836304,7.760885086322415
2002-03-04,13.36991087427988,-35.37049034213085,-28.38374859635736,8.493672225113787
2002-03-05,13.199866127328066,-36.06728695000342,-29.57893022018434,8.85107137123484
2002-03-06,13.978909293504474,-36.199307689161834,-30.806004002568372,8.259732607308313
2002-03-07,14.244818747977096,-36.85422797321642,-31.527823946597817,8.07380563792266
2002-03-08,15.07897373349495,-37.149539032867374,-31.157348425106303,6.670835150138595
2002-03-09,16.179663999186467,-37.231771655364305,-30.078721031116284,6.2708368359333875
2002-03-10,15.012658142470976,-37.33218137848737,-30.755372390566258,5.821075039385049
2002-03-11,16.382263672662717,-37.70469509602988,-31.536171023927704,7.104770513553846
2002-03-12,16.714093774675664,-39.13775506045074,-33.149580873503396,6.594737155291627
2002-03-13,17.425553463820233,-40.591055014832584,-32.423470597767015,6.900825656921743
2002-03-14,17.73206104786305,-41.132665600432794,-32.536494816907805,8.53257580037548
2002-03-15,16.430364938860023,-41.21445380719936,-32.85192191205464,9.32601961474502
2002-03-16,16.775810858766345,-40.67225620145415,-32.84281869192352,8.984576899884987
2002-03-17,17.120714607836387,-40.737281146004236,-32.90414266077616,9.600300827214614
2002-03-18,17.490062414395013,-39.431199510507675,-31.96257131096214,9.49165914147256
2002-03-19,17.023364267112708,-40.48080228891379,-31.057501885682754,10.134646274831663
2002-03-20,17.82977818662993,-40.998219166251495,-30.02202288294036,11.424233253515968
2002-03-21,17.146571533756056,-42.18320120623086,-30.272029214585707,10.634368808655257
2002-03-22,15.987760608101206,-42.28683822257147,-30.7401729670063,10.52369622895498
2002-03-23,17.333118022231332,-41.61829730150811,-30.705959613650023,11.999291887670092
2002-03-24,18.7252644586846,-41.547560364246436,-30.029214255823934,11.80612335810659
2002-03-25,18.46905863346417,-41.51165728064273,-30.704649197102974,12.22736632577549
2002-03-26,20.142028193358446,-41.25000966535501,-31.685935780718726,12.165371145477677
2002-03-27,20.355432273884595,-40.673704339617665,-31.835054746733057,11.691237423260947
2002-03-28,19.418843639995472,-41.82305687983446,-35.07171730581731,12.019832865393498
2002-03-29,20.315407879971175,-41.22902398951994,-35.5699342613636,12.754222983813468
2002-03-30,20.29569498889486,-41.29835315905594,-35.34378561969925,14.711909896815419
2002-03-31,18.27287973503258,-40.77974212579573,-37.71789203316823,15.287596823139232
2002-04-01,17.844975479563384,-41.64046143566784,-36.909531069824276,16.66687886711065
2002-04-02,18.03240414769645,-43.517356841053974,-37.388662015358484,17.65767562443737
2002-04-03,17.61163785699468,-42.53360123897833,-37.74561162479202,17.112184797598758
2002-04-04,17.218154723918765,-42.562328282522536,-35.36835054572271,15.52952393303267
2002-04-05,16.793788583315436,-44.35325037408221,-36.94739169198646,15.267047934957459
2002-04-06,15.095619604116713,-43.30738814075526,-34.917759275282016,14.201240365290484
2002-04-07,16.064159904794916,-44.14205093758709,-36.92491025679376,13.283792767896125
2002-04-08,16.216310864121148,-42.88754610506809,-36.909115077720294,13.04744904264959
2002-04-09,17.26622268481339,-42.425096745508476,-36.34115021188529,14.716753383809941
2002-04-10,15.93939997351401,-44.55965736895218,-35.627478271639546,14.162829630843229
2002-04-11,17.653157388386184,-43.83733142906458,-35.66274218300432,15.705153789244871
2002-04-12,19.29457323254192,-43.52539845571284,-35.589290829177635,16.127108205575656
2002-04-13,19.86530535859745,-43.766775070015335,-35.914764374368154,14.594924887969574
2002-04-14,20.64727053319662,-44.04776764631363,-35.69274642711326,14.398798216268187
2002-04-15,21.097949109975378,-43.467504644379424,-34.53679132554109,14.131203729800541
2002-04-16,20.645547162569855,-44.73574061902303,-35.63398321164369,14.690627607730189
2002-04-17,20.878589901900927,-44.78188738300965,-36.51859288034956,16.190757948184853
2002-04-18,21.047371345670463,-46.77720334998409,-37.14280391189509,14.888977400639316
2002-04-19,20.90835942241525,-48.039048224077156,-36.95998359624497,14.805201440552828
2002-04-20,22.55311450844135,-49.09401204124338,-37.478355500294114,16.460291570902545
2002-04-21,22.054658502651304,-48.30724977073217,-35.244523147702516,17.592645523432
2002-04-22,22.11009922367191,-47.011078018476454,-34.82698527397393,19.59058199857295
2002-04-23,23.102170880333485,-47.77057187424762,-33.24514541235725,20.98155505533085
2002-04-24,22.72961091934039,-48.02209495968177,-33.11390653823316,20.796486750858357
2002-04-25,22.711055516966162,-47.028532029311656,-32.50911026756804,19.846338987592915
2002-04-26,23.796627339920548,-48.13763957342684,-31.383677499551986,20.172408597198963
2002-04-27,23.623595675173576,-47.99735786697609,-31.783587117517296,21.153025479716632
2002-04-28,23.783353859431,-48.6496227906501,-35.06486359254463,21.618208803848976
2002-04-29,23.375319070600522,-47.585434204106086,-34.87620107242613,18.50351541192441
2002-04-30,23.45062130957707,-48.236698169685866,-34.50024844834139,19.1364744363631
2002-05-01,22.779151663426926,-47.71804726072311,-33.88538013243029,18.84707712147733
2002-05-02,23.345918596142237,-47.645257384111666,-34.18340757993341,18.89886601207122
2002-05-03,23.17645104738696,-47.30341253249901,-35.054544334469554,19.54989424497972
2002-05-04,23.854315686398166,-48.44120203750215,-36.28165176320998,18.940136116243846
2002-05-05,22.86326705052084,-48.891103384783605,-36.63419725785549,17.502256475297006
2002-05-06,22.245294779707873,-49.66479459616419,-37.912796195731644,16.402006260334055
2002-05-07,22.378576755161415,-48.487752414882486,-39.33606146938811,16.105257224191607
2002-05-08,20.840793402675086,-48.798585769437565,-41.122051133369816,16.226944098942298
2002-05-09,20.999954332452557,-50.21897373007332,-41.1181605463158,16.509564458139593
2002-05-10,21.968539611672057,-51.331422267210755,-40.26004039600311,14.971912370086011
2002-05-11,20.815621755750296,-50.89051885161615,-40.33984593956212,14.561162468851615
2002-05-12,20.167708209072714,-50.03453918233094,-37.13904877815025,14.147048810009663
2002-05-13,21.616557109878148,-52.46923902091296,-37.572527163348454,13.769586284562301
2002-05-14,21.08207833972442,-53.311380067828246,-37.861387447489555,13.142673607672565
2002-05-15,20.563781953620794,-53.542763645738574,-37.586152589209775,12.268550248146632
2002-05-16,21.287308739291852,-53.629924893228306,-37.711801829144356,11.222512315450217
2002-05-17,20.706714036713603,-53.20766957954364,-39.369232426833136,10.766214989145983
2002-05-18,23.319482311742785,-54.59843233201499,-37.63115706775481,9.370088442415133
2002-05-19,24.27557333328279,-54.76874707496073,-37.39865584359117,9.253383836311572
2002-05-20,24.67452186588176,-53.93111517051103,-38.63902837274114,9.033544378418345
2002-05-21,23.857117967761624,-53.90184875080667,-40.15330121100384,8.34236432548729
2002-05-22,24.625540138808198,-54.58045049201539,-39.839404830486664,8.636011016070116
2002-05-23,24.187347130064904,-54.072583691774184,-38.092399665714915,7.671352179971163
2002-05-24,25.31142010288132,-55.77638602963183,-37.65753935973799,6.955763628038405
2002-05-25,25.868298989488864,-56.04994215999233,-37.089176352137834,5.6641726238764925
2002-05-26,27.177252595146726,-58.30026005533578,-36.63758980896536,4.418729639264278
2002-05-27,27.83707826555661,-59.73873568235608,-36.697607772123604,2.192051682545564
2002-05-28,28.752573140568373,-59.15945020823485,-37.76791966647598,2.460746897929808
2002-05-29,28.85465626307913,-60.91929914219356,-38.436709326135905,2.927482158279758
2002-05-30,28.752507419522956,-61.61809089534224,-39.06294043790066,4.699143782821899
2002-05-31,30.102525284243384,-60.91751169331535,-40.24874450548329,5.050381490757087
2002-06-01,30.964827120781205,-60.53212382108169,-39.638015070792335,5.287198121157914
2002-06-02,29.535471652613833,-61.821986593295705,-39.427145305854054,3.942535000010322
2002-06-03,29.303525966605644,-62.64381491792016,-38.74705533482179,5.685950935024133
2002-06-04,30.679970861702856,-63.76762171533142,-39.7037143522308,5.392943403990709
2002-06-05,29.294136809726457,-64.79642149709287,-39.71728187361425,5.298460320246783
2002-06-06,29.353572666906423,-65.1391441634658,-39.765527467683164,5.044495010267099
2002-06-07,28.68399536439347,-65.07845230821611,-37.90301820062387,7.104238909808785
2002-06-08,28.355775195225835,-65.687560582727,-39.74360469155197,6.279322971897749
2002-06-09,27.63008847482633,-65.29194833397524,-39.790776426913766,5.48315925575737
2002-06-10,27.863616888183024,-65.68208817148702,-39.36981133829251,5.35747118487777
2002-06-11,28.42099774037387,-65.2133519699109,-40.09791729496897,5.699486444605864
2002-06-12,28.500018781234335,-65.49009087053287,-38.765154234971334,5.091693766539906
2002-06-13,27.515173778824465,-63.315385126942566,-39.0940738798619,5.74064888470561
2002-06-14,27.333084337531368,-63.071636786025955,-38.81449501323486,5.852031915296094
2002-06-15,26.97597445901316,-63.390887083791455,-39.24084487507614,5.161513051750497
2002-06-16,27.346317954377973,-63.511938673863106,-39.915602466578804,6.430526637549924
2002-06-17,27.43270614386236,-62.10374442712069,-37.23633643819407,5.275314747771197
2002-06-18,27.66988520717123,-63.18164458875558,-37.215719213038916,6.376599754329116
2002-06-19,29.378882822754232,-65.21968012149266,-37.07463129844002,5.308655668546319
2002-06-20,28.498331720366316,-65.37951095108805,-38.35750710924067,4.881266678078513
2002-06-21,27.85324918540417,-65.93224677088759,-37.23985220572695,5.929845453085193
2002-06-22,28.62461316149258,-64.76093129222559,-36.39813992805522,5.1130704104294376
2002-06-23,27.317175033196275,-63.64813224571284,-36.787059111116655,7.620464938973743
2002-06-24,27.38036743310392,-63.799020685349376,-36.09628764752462,6.545389902832193
2002-06-25,26.892617029897178,-63.84306789258726,-34.94976279219762,7.5913880195633805
2002-06-26,26.32839569343708,-63.76952656401666,-35.39430722131617,7.228911993901309
2002-06-27,24.417018279135732,-64.77863415252996,-35.03817539563308,5.404740863410379
2002-06-28,23.660122921204216,-65.0844837075167,-35.10694264381765,3.601461067414437
2002-06-29,22.734270102611983,-64.51948004574405,-34.70085272221177,4.292456962765182
2002-06-30,22.750592132136884,-64.22819718789921,-34.74720283526406,3.1833928876064594
2002-07-01,23.25175454903176,-63.203077122371305,-37.03450984018485,3.0085906095697643
2002-07-02,24.455753689060913,-62.235881386852526,-35.748538629650525,2.827714506126399
2002-07-03,22.93993622129842,-63.95251579917748,-35.32605403551232,2.868044807830083
2002-07-04,24.407053967251294,-63.6265751766231,-35.3107496878563,2.036813757740845
2002-07-05,25.665804575482152,-62.891712349956,-34.796016972378915,1.8728272076519772
2002-07-06,24.483352301539618,-61.57054212679473,-36.54867965536735,1.7963903799210064
2002-07-07,25.390276221078523,-60.30519714961345,-36.869944280673344,2.116732786474118
2002-07-08,26.77688917624745,-60.200691914729205,-36.78205153286169,3.1013520879034764
2002-07-09,27.729857494702376,-60.649017064974885,-37.1954055762062,2.4575285220884497
2002-07-10,26.883139912183417,-60.39378387596991,-37.08932338650759,0.8065901573295471
2002-07-11,28.48801297949845,-58.349329581297255,-34.82210849957838,0.017046457086559164
2002-07-12,27.618988398973514,-57.68639437720498,-35.47080039033115,1.989051726334241
2002-07-13,28.960348365401043,-57.58903955894825,-34.697440072245556,0.8309226669887968
2002-07-14,29.3381710763548,-57.812857960771666,-34.19470668066425,1.346134683818589
2002-07-15,29.207901707969615,-58.521863122385554,-33.196380317701305,1.763568568788138
2002-07-16,29.075341824765434,-57.81165451592371,-31.86890093778727,-0.3269168106470295
2002-07-17,29.569554521816425,-61.06747129979174,-31.846704901941735,-0.8690625414095613
2002-07-18,30.256775317513128,-61.95657423191609,-31.47905268270351,-0.6070174332971513
2002-07-19,30.940679627416113,-63.044293822852765,-32.98784153521298,-2.1378364657569073
2002-07-20,30.97984562725905,-61.82235213499106,-31.420863541408643,-2.5175814712350078
2002-07-21,29.88496448245452,-62.58434320681513,-32.66678645506832,-2.6192763274315936
2002-07-22,31.73798994255109,-61.46767337685037,-33.89703010112166,-2.0611942484586123
2002-07-23,30.696779209748,-58.91198814235307,-33.62574406199906,-2.5601808011363785
2002-07-24,29.449496846690284,-60.147776106559355,-33.48631231082158,-4.481656836686933
2002-07-25,29.05515191163214,-57.77820172526903,-34.96644563759006,-2.751048850999297
2002-07-26,28.58098215453093,-56.99988176949072,-35.19340279401294,-3.2106017057438665
2002-07-27,26.890402086529726,-56.451139878752485,-34.43243324219583,-2.1200947442523943
2002-07-28,26.042937550691033,-56.96408183016272,-34.88872761408574,-2.824036127882689
2002-07-29,25.178494411418797,-57.92373664280896,-34.90256587185467,-3.1316870839267397
2002-07-30,25.235822613816392,-57.19431804210144,-35.135857343305005,-2.19645343631347
2002-07-31,25.145271359496007,-56.998347570028756,-36.91461347137492,-2.1254563799732233
2002-08-01,24.444300788866904,-54.33507038203432,-38.64383991328349,-3.3007255147436343
2002-08-02,26.675712710485048,-55.69237130334632,-39.80254250435196,-2.701739717051512
2002-08-03,27.85246711432138,-54.69361325165707,-39.90991798362161,-2.247781742514984
2002-08-04,28.39708079249716,-54.67704476463859,-39.74971873925016,-0.870754326345555
2002-08-05,29.98225887341421,-54.3377868926323,-39.92034823267429,0.7514269659338626
2002-08-06,29.13057361492319,-54.81533884139649,-39.98563268550126,0.06118429437424733
2002-08-07,30.550972338132535,-53.084048112113884,-38.95148368111375,0.33832683422857895
2002-08-08,30.063132695860475,-53.38339728627831,-37.79443031104338,-0.8164305500651632
2002-08-09,30.17548891474913,-52.42196399364696,-38.07819470224046,-2.1151997348317035
2002-08-10,29.460177626681393,-52.16873706016783,-37.68317338165376,-1.6303877389658088
2002-08-11,28.794907041882052,-52.88313868667609,-36.82735300404899,-1.7616190126843343
2002-08-12,27.734191118850983,-53.42940118641991,-37.20885430771084,-1.556118672772394
2002-08-13,26.45884016674528,-53.521997970314274,-37.56592257060122,-0.803436494672147
2002-08-14,25.58900099589444,-54.017086240360946,-36.27985015503845,-1.2538939461053586
2002-08-15,26.616547473076018,-54.320608024417176,-36.57111970321712,-1.2762231163210893
2002-08-16,25.923856985009163,-55.33177261142582,-36.79580687802228,-3.2137296267934814
2002-08-17,25.992276160014843,-55.70031553021611,-37.71853920995489,-1.8357241904237038
2002-08-18,27.673049102314234,-55.54822400608991,-37.8461683532486,-0.8726985295205949
2002-08-19,28.23097542210533,-54.68765815710552,-38.53414074677907,-0.732639888421577
2002-08-20,28.134011879610124,-55.58025477904472,-38.91230043712901,0.5225086615750512
2002-08-21,28.061185759888748,-55.10584765471282,-39.445551010742676,1.5050993037912828
2002-08-22,27.450945682564964,-54.67395259018449,-39.88500847533103,1.067561407030603
2002-08-23,27.455520957514484,-55.438823918983196,-40.54708275922207,0.8757200370814768
2002-08-24,26.742360261907155,-56.31094574301433,-40.409992440332886,0.5682581827526456
2002-08-25,27.59508930141429,-55.926280904774885,-40.67605302735011,-0.04879198053978839
2002-08-26,28.755834892157697,-55.93177882544309,-41.40476177721641,-0.9372196043364062
2002-08-27,26.457423746810157,-54.62790362394013,-42.57894350375912,-1.067696961487793
2002-08-28,26.696661549147297,-55.08299219041634,-42.16622246139304,0.18011356693824876
2002-08-29,29.268995129696382,-53.92379041335457,-43.404194384753,3.1376476867742933
2002-08-30,27.696645468876863,-53.34903859498484,-44.35450412849856,2.6521184895064143
2002-08-31,27.321971869630534,-54.0562360265729,-43.686157334684495,2.0329008688630985
2002-09-01,27.48604530727074,-55.531022028562205,-42.92944650260567,3.9108095298061567
2002-09-02,27.166285416647806,-57.50332370154676,-43.67948155920608,3.8936650479764805
2002-09-03,27.352340492726903,-56.71025705366898,-42.8283136085676,3.202686703848716
2002-09-04,27.35391066740935,-58.31534184957965,-42.63670031991859,1.9825531823057536
2002-09-05,24.858729842136064,-58.4596634449622,-43.46433835562935,2.822364313738005
2002-09-06,25.630529581220753,-59.95519386602981,-42.69378303156606,4.607861621667483
2002-09-07,23.714701471971665,-59.245124086390035,-41.743227797912525,4.030865402726246
2002-09-08,22.88952611820246,-60.642384341802185,-43.27345024269843,2.8355889662927813
2002-09-09,23.52809697773023,-58.658980969753095,-44.88000085666101,2.6041678679516136
2002-09-10,23.668858390389882,-58.30827115356704,-45.41292892735881,3.0941243304553967
2002-09-11,21.528947026638377,-58.15358970390362,-46.88791946930864,2.528095262236834
2002-09-12,20.039468930819496,-57.28527726900774,-47.08614466245557,2.4894641318073294
2002-09-13,21.332754440256032,-56.81666366150136,-46.66092689587602,2.740547399540399
2002-09-14,22.0134876272173,-54.38232076524181,-46.90908297529082,4.234798173209758
2002-09-15,20.12848204751586,-54.65451304941138,-47.41760105394923,4.375005761384122
2002-09-16,20.297456617415456,-53.6431803747194,-48.0467250450831,5.044384072979951
2002-09-17,21.497890952599505,-55.1319375295659,-48.11619741954321,4.002007420562159
2002-09-18,23.38936021256352,-55.265882872941724,-47.1424234968874,6.171465824192525
2002-09-19,22.415719281980373,-55.480693776006355,-47.71419060294042,4.782633249421686
2002-09-20,22.45689763863954,-55.03885237242737,-47.117121424424184,4.0575746507566395
2002-09-21,20.167957532946737,-56.16784707889928,-45.77774682885899,3.729261529847062
2002-09-22,21.065380377458624,-55.94774426932815,-44.79082840561852,4.857333295994144
2002-09-23,20.13527696238896,-56.681067410258564,-43.95575235808594,4.838393384252405
2002-09-24,19.69573899508341,-55.67881604216227,-43.889171428875635,5.196180437678908
2002-09-25,20.433371335842153,-56.136204533573654,-42.902910326597,6.510155624130798
2002-09-26,20.18606697205125,-56.359648527796246,-43.95487378998011,5.014433897434884
